name,detail_,sentiment
 ~klemz:,women techsters tech bootcamp cohort women techster bootcamps cohort application learn following tech skills cohort cybersecurity data analysis product design product management software development apply https dixcoverhub com women techsters tech bootcamp cohort,Neutral
 Maggie ❤️:,greetings everyone hope good weekend notify community seek opinion online seminar intend organize community members theme starting career tech observed many persons struggling excos like know opinion intended seminar likelihood attendance via poll please members participate poll thanks obumneme clement lead python community anambra,Posetive
 Maggie ❤️:,thanks voted opinions much important us yet vote please let make votes count thank,Posetive
 Maggie ❤️:,null,Neutral
 Maggie ❤️:,hello everyone please remember contribute,Posetive
 Ada StatsUnizik:,okie dokie,Neutral
 ~klemz:,dey,Neutral
 Ada StatsUnizik:,cool oo,Posetive
 ~klemz:,school stress,Negative
 Okeoma GeoStat:,ok,Posetive
 Ada StatsUnizik:,okay oo,Posetive
 Prince PyCom:,good morning developer tech generally love learn build websites using wordpress make good income inviting special event coming saturday come network tech experts enthusiasts jolly cake things https www meetup com anambra wordpress meetup events,Posetive
 Maggie ❤️:,hello everyone good evening us pls let remember cast votes,Posetive
 ~klemz:,good morning everyone,Posetive
 ~klemz:,hope great time,Posetive
 ~klemz:,event highly encouraged residing awka please well register attend tomorrow totally free,Posetive
 ~klemz:,also appreciate participated poll far good know position know serve better participated well tell us position,Posetive
" Mr. P, PyCom:",may missed poll,Negative
 ~klemz:,oh come around right good morning sir,Posetive
" Mr. P, PyCom:",sure mean come around,Posetive
 ~klemz:,okay mean show,Posetive
 ~klemz:,seminar organized,Neutral
" Mr. P, PyCom:",virtual person,Neutral
 ~klemz:,virtual,Neutral
" Mr. P, PyCom:",oh sure please day,Posetive
 ~klemz:,communicated,Neutral
" Mr. P, PyCom:",,Neutral
 ~klemz:,https twitter com tohire ng status hzi ecxkir hs ikkh,Neutral
 Maggie ❤️:,good evening everyone pls oo let drop opinion casting vote,Posetive
 ~klemz:,announcement good evening house inform house one community managers miss peace ij one program managers mr kene longer serving mentioned capacities due circumstances really appreciate effort sincerity pray god continues bless keep effect need replacement community manager program manager interested persons notify privately work together better community long live python community anambra thanks obumneme clement lead python community anambra,Posetive
 Maggie ❤️:,happy sunday people good day everyone quick reminder poll need drop opinion pls thank,Posetive
 Chinwe_pycon:,resonded,Neutral
 Maggie ❤️:,okay thank,Posetive
 ~klemz:,good day ever hope good time want first appreciate effort us especially participated poll okay outcome poll participants like idea webinar therefore proceed organizing anticipate details coming way soon thanks,Posetive
 Maggie ❤️:,https meet google com bfq fewa wnx good evening everyone use link join us python roadmap,Posetive
 Maggie ❤️:,hv started,Neutral
 ~klemz:,good morning everyone,Posetive
 ~klemz:,media omitted,Neutral
 +234 807 582 1749:,https chat whatsapp com fthg brp nabgn trkihx,Neutral
 +234 807 582 1749:,outline going learning basis graphic design designs major types logo create eyes catching flayer make money skill select rightful colour design make business flayers get target audience rank designs submitting customer going show platform graphic designer needed majorly best student get free pro app create airtime flayer principles rules guiding graphic design,Posetive
 Chinedu Pycom:,congratulations,Posetive
 Peace Ij Pycom:,congrats oo wow rotaract brother,Posetive
 Peace Ij Pycom:,wish could attend,Posetive
 Somto Pycom:,yes oooo,Posetive
" Mr. P, PyCom:",congratulations,Posetive
 ~klemz:,wishing everyone joyful prosperous new month ahead,Posetive
 ~klemz:,good morning everyone,Posetive
 Okeoma GeoStat:,good morning boss,Posetive
 ~klemz:,announcement everyone invited community webinar scheduled follows saturday th july pm venue google meet theme starting career tech speakers mr pius okigbo mr michael hr event community members starting planning start know whether start career tech must miss event answers provided key questions asking also well invite friends community join webinar thanks obumneme clement lead python community anambra,Posetive
 ~klemz:,invite friends link https docs google com forms juxe lirkcos qrlahhq criekpo ldmblc pn edit chromeless,Posetive
 ~klemz:,build api mobile app contact asap something dey,Neutral
 ~klemz:,senior data analyst industry financial institution salary net top skills microsoft excel powerbi send cv talent com using role subject,Posetive
 ~klemz:,media omitted,Neutral
 ~klemz:,web ui ux designer extremely good knowledge prototyping job type full time location lagos fully remote salary candidate must student send portfolio coinguru gmail com,Posetive
 Chukwukelu Pycom:,admin please add thanks,Posetive
 ~klemz:,let person fill form invite friends link https docs google com forms juxe lirkcos qrlahhq criekpo ldmblc pn edit chromeless,Posetive
 Chukwukelu Pycom:,ok,Posetive
 Chukwukelu Pycom:,thanks much,Posetive
 Somto Pycom:,media omitted,Neutral
 Chinwe_pycon:,,Neutral
 Chinedu Pycom:,congratulations excellence gcfr,Posetive
 ~klemz:,good morning everyone lovely week,Posetive
 ~klemz:,announcement everyone invited community webinar scheduled follows saturday th july pm venue google meet theme starting career tech speakers mr pius okigbo mr michael hr event community members starting planning start know whether start career tech must miss event answers provided key questions asking also well invite friends community join webinar thanks obumneme clement lead python community anambra,Posetive
 ~klemz:,let person fill form invite friends link https docs google com forms juxe lirkcos qrlahhq criekpo ldmblc pn edit chromeless,Posetive
 +234 704 630 0204:,ceo simonreal launched program help ladies start businesses scratch lady join see business venture https chat whatsapp com cabrfpere tdcdrb soj,Posetive
 ~klemz:,media omitted,Neutral
 ~klemz:,good morning everyone please reminded well help us post right places thanks,Posetive
 Donatus Pycom:,friends complaining link working,Posetive
 ~klemz:,https docs google com forms qwerzblnex lieb rcyu vwevaablgw viewform,Neutral
 ~klemz:,sorry let try new one,Negative
 Donatus Pycom:,okay thanks rapid response,Posetive
 +234 813 868 6782:,message deleted,Neutral
 ~klemz:,announcement everyone invited community webinar scheduled follows saturday th july pm venue google meet theme starting career tech speakers mr pius okigbo mr michael hr event community members starting planning start know whether start career tech must miss event answers provided key questions asking also well invite friends community join webinar use link invite people https docs google com forms qwerzblnex lieb rcyu vwevaablgw viewform thanks obumneme clement lead python community anambra,Posetive
 ~klemz:,transcorp intern program young nigerian university polytechnic students intern internship program transcorp designed help university polytechnic students experience dynamism cooperate world across different tech business sectors apply https dixcoverhub com transcorp intern program,Posetive
 ~klemz:,announcement sequel earlier announcement two positions community manager program manager vacant pleased inform us new community manager person amaobi okeoma akachi join leadership team thanks remain blessed obumneme clement lead python community anambra,Posetive
 Chinwe_pycon:,congratulations also thanks everyone volunteering assist community,Posetive
 Somto Pycom:,congrats,Posetive
 ~klemz:,announcement everyone invited community webinar scheduled follows saturday th july pm venue google meet theme starting career tech speakers mr pius okigbo mr michael hr event community members starting planning start know whether start career tech must miss event answers provided key questions asking also well invite friends community join webinar use link invite people https docs google com forms juxe lirkcos qrlahhq criekpo ldmblc pn edit chromeless thanks obumneme clement lead python community anambra,Posetive
 ~klemz:,media omitted,Neutral
 ~klemz:,good morning happy weekend everyone,Posetive
 ~klemz:,media omitted,Neutral
 Lilydimma Pycom:,amazing,Posetive
 Maggie ❤️:,hello people good evening less minutes go,Posetive
 Maggie ❤️:,https meet google com bfq fewa wnx,Neutral
 ~klemz:,starting op,Neutral
 ~klemz:,https meet google com bfq fewa wnx,Neutral
 ~klemz:,media omitted,Neutral
 Maggie ❤️:,interesting experience thank mr pius thank mr michael thank everyone took part making success say thank,Posetive
" Mr. P, PyCom:",https www linkedin com posts ai revolutionizes mapping updates accuracy activity lop utm source share utm medium member android,Posetive
 ~klemz: *Call for Interns:,software engineering internship healthtracka looking paid software engineering internship one health tracka software engineering internship offers opportunity learn design test deploy maintain software solutions apply https dixcoverhub com call interns software engineering internship healthtracka,Posetive
 ~klemz:,scratch code instructor urgently needed awka please know someone refer,Posetive
 Ikechukwu PyCom:,pls elaborate specific language lost,Negative
 ~klemz:,scratch language,Neutral
 Ikechukwu PyCom:,thanks,Posetive
 Ikechukwu PyCom:,found scratch instructor,Neutral
 Ikechukwu PyCom:,interested,Posetive
 ~klemz:,dm osisso,Neutral
 Ikechukwu PyCom:,sent dm unless someone called osisso find platform,Neutral
 Chukwukelu Pycom:,null,Neutral
 ~klemz:,please explain,Posetive
 Chukwukelu Pycom:,hackathon organised shell group topic developing ai solving agricultural waste management problems focus digitalisation innovation part defines group prices every information one needed website url dropped even mere look url give lot clues thought wise drop link cos might people would interested form project based learning great motivation learn artificial intelligence thanks,Posetive
 ~klemz:,okay sorry already removed since respond early please always provide context put links people know linking,Posetive
 ~klemz:,good evening everyone,Posetive
 ~klemz:,urgently needed html css js online instructor needed contact urgently,Neutral
 ~klemz:,urgently needed html css js online instructor needed contact urgently,Neutral
 ~klemz:,urgently needed html css js online instructor needed contact urgently,Neutral
 ~klemz:,good evening everyone hope good weekend,Posetive
 ~klemz:,media omitted,Neutral
 Donatus Pycom:,output python python python,Neutral
 Donatus Pycom:,first line list containing created got multiplied three got multiplied three line middle zeros index selected reassigned python lead final output python python python,Posetive
 ~klemz:,,Neutral
 ~klemz:,attempt,Neutral
 ~klemz:,ago would insisted answer python wrong,Negative
 ~klemz:,superb question ans python python python really crucial point solving problem python handles list multiplication creating multiple separate lists creating multiple references list crucial understanding output code let dive first creating list line matrix expression creating list three zeroes attempting create list three lists matrix matrix variable creating matrix zeroes like however tricky thing happening due python handles list multiplication multiply list integer python create new separate lists instead creates references list means although appears created three separate lists fact created three references list crucial understanding output code next line matrix python setting second element second list python remember lists matrix actually list memory due way created matrix operation changing shared list impacts rows matrix finally print matrix seeing change reflected across lists actually list memory output python python python conclude behaviour see result python handles list multiplication wanted create matrix list independent could use list comprehension ensure list separate object memory,Posetive
 Donatus Pycom:,wow thank,Posetive
 +234 813 868 6782:,guys made announcement embark days code challenge twitter starting st august https twitter com radi dev status xks vd jndx lfosrgiq,Posetive
 ~klemz:,good evening everyone,Posetive
 ~klemz:,scratch instructor residing awka urgently needed send dm asap,Neutral
 ~klemz:,scratch instructor residing awka urgently needed send dm asap,Neutral
 ~klemz:,scratch instructor residing awka urgently needed send dm asap,Neutral
 ~klemz:,happy new month everyone,Posetive
 Doritz Uchechukwu:,,Neutral
 Pycom Instructor 2:,,Neutral
 Maggie ❤️:,happy new month,Posetive
 Ikechukwu PyCom:,message deleted,Neutral
 Ikechukwu PyCom:,message deleted,Neutral
 Ikechukwu PyCom:,message deleted,Neutral
 Somto Pycom:,say pastor shout amen go assume say na speak tongue,Neutral
 ~klemz:,guy another level oo,Neutral
 Peace Ij Pycom:,media omitted,Neutral
 Chizara PyCom:,colos,Neutral
 Ikechukwu PyCom:,ignore pls guys keypad steroids,Negative
 ~klemz:,good evening everyone,Posetive
 ~klemz:,please front end developer resident awka needed send dm,Posetive
 Okeoma GeoStat:,hey everyone community executive committee come exciting idea community planning create coding challenge various tech fields expected find solutions problems hope achieve challenge skill development participating enhance coding problem solving skills portfolio enhancement solutions create showcased portfolio making appealing employers clients collaboration knowledge sharing opportunity collaborate discuss approaches learn work challenge motivation engagement activity fun motivating bringing us together regularly welcome use programming language tool solve challenge assigned would love hear opinions ideas signed lead python community anambra community manager okey amy mr crucial,Posetive
 Okeoma GeoStat:,poll think creating coding challenge community good idea develop skills portfolios option sounds great excited participate improve skills votes option sure yet need information votes option really interested coding challenges votes option another suggestion comment votes,Posetive
 Okeoma GeoStat:,good morning quick reminder everyone participated poll please endeavor participation help hasten decision coding challenge thank,Posetive
 Okeoma GeoStat:,hello friendly reminder participated poll posted earlier regarding coding challenge idea opinions really matter input help us shape exciting opportunity community thank,Posetive
 Chinedu Ezenwegbu:,resumed python classes starting beginners project today wait able web scraping,Neutral
 ~klemz:,https www outreachy org blog december initial applications open,Neutral
 ~klemz:,good morning everyone,Posetive
 ~klemz:,sent prayers mailboxs please enjoy weekend thank later message edited,Posetive
 Okeoma GeoStat:,would like express sincere appreciation everyone took time read participate poll yet voted participation would greatly appreciated excited announce soon launching thrilling challenge help build portfolio encourage stay tuned details look forward participation,Posetive
 Chizara PyCom:,happy sunday,Posetive
 Okeoma GeoStat:,ai artificial intelligence refers development computer systems perform tasks would typically require human intelligence tasks include things like problem solving learning experience understanding natural language recognizing patterns making decisions ai systems designed process large amounts data make predictions decisions based data ai replace programming massive adoption chatgpt generative ai tools rapidly reshaping society current ai boom affect nearly every sector economy implications still difficult foresee fields software development data science exception indeed following advent chatgpt github copilot ai powered tools industry sparking speculation future coding ai replace programming cannot read future short likely answer least near future however developers data professionals incorporate ai tools toolboxes role programmers may well change forever nature tasks limitations ai programming despite ground breaking results generative ai tools technology yet mature enough replace programmers words generative ai like chatgpt used wide range downstream tasks bringing us closer idea artificial general intelligence hypothetical level ai accomplish intellectual task human beings animals perform still unable think behave like humans state art ai still lacks human creativity intuition domain expertise much required programming ai help many coding tasks even boost creativity humans conceptualize complex systems understand business problems make strategic decisions also despite impressive results several risks challenges associated ai make human oversight mandatory especially ai supported decisions significant implications individuals society finally ai systems trained historical data meaning may always keep latest developments fast paced domains software development data science hence ai succeed mastering consolidated knowledge humans expand boundaries knowledge developing new tools techniques paradigms future programming rather ai replacing developers likely reshape role collaboration likely scenario coming future equipped next generation ai tools developers relieved mundane time consuming routines shift allow focus innovative challenging tasks overall adopting ai speed software data development processes increasing productivity efficiency augmented development movement ai bring potential simplify programming make accessible wide range programming tasks performed plain human language matter seconds augmentation may translate reduction entry level programming jobs many tasks traditionally done junior coders automated simplified generative ai tools like chatgpt github copilot ai tools far perfect bulletproof human oversight essential ensure deliver positive outcomes open new opportunities developers whose partly shift towards overseeing managing ai systems sense developers data scientists machine learning ai ethics skills likely high demand ai replace programmers us bureau labor statistics predicts significant growth area conclusion surge artificial intelligence reshaping landscape programming generating discussions potential replace programmers prevailing consensus suggests ai entirely replace foreseeable future instead ai likely serve powerful tool augments developers capabilities streamlining routine tasks fostering collaboration distinctive human qualities creativity intuition domain expertise remain irreplaceable programming emphasizing ongoing need human oversight ethical considerations integration ai relationship ai programmers evolves developers equipped ai ethics machine learning skills play pivotal role shaping collaborative harmonious synergy human ingenuity artificial intelligence,Posetive
 Okeoma GeoStat:,tech tip tuesday invest time continuous learning stay relevant fast paced tech industry,Neutral
 Okeoma GeoStat: Patterned Learning AI is hiring Data Scientist (Entry Level). Know more about the job  opening here:,https zurl lt source linkedin,Neutral
 Okeoma GeoStat:,https education github com globalcampus octernships students apply octernship nb github account must registered student email,Neutral
 Okeoma GeoStat:,topic week good idea separate career resumes different careers currently working encouraged share opinions experiences young starters learn,Posetive
 Kenechuku PyCom:,media omitted,Neutral
 Okeoma GeoStat:,https hashnode crew work jobs fffe bc fafd utm source dentry,Neutral
 Okeoma GeoStat:,still check open career hashnode,Neutral
 ~klemz:,think good separate cv one career make case avoid putting unnecessary information one,Posetive
 Somto Pycom:,yeah,Posetive
 Okeoma GeoStat:,hiring companies prefer people lot experience worked different organization think include unrelated work experience resumes although want resumes show relevant experience want leave valuable information,Posetive
 ~klemz:,please help us,Posetive
 EMEKA ONWUEPE PyCom:,hurt provided placed first,Negative
 Uzodimma PyCom:,resume vs cv curriculum vitae resume short document relevant skills competencies given domain applying job posting maximum pages rare exceptions recruiter needs capture important information shortest possible time cv comprehensive document skills competencies every domain one knowledge seeking recommendation job pages long referrer enough time go document,Posetive
 Uzodimma PyCom:,taking individual proficient data analysis cloud development example job posting specify position cloud engineer since need cloud engineer applicant need assume role cloud engineer applicant tailor resume suit job description keeping concise substituting important cloud development information data analysis information reduced amount relevant information given recruiter,Posetive
 Uzodimma PyCom:,uncle tells person recommend applicant job company applicant send cv detailing competencies uncle know best available position recommend since specific requirement,Posetive
 Uzodimma PyCom:,bottom line since resume supposed concise giving important information shortest possible time one need add irrelevant information respect advertised position,Posetive
 EMEKA ONWUEPE PyCom:,placed first meant,Neutral
 EMEKA ONWUEPE PyCom:,nice one,Posetive
 Okeoma GeoStat:,thank,Posetive
 ~klemz:,thank much boss,Posetive
" Mr. P, PyCom:",,Neutral
 Pycom Instructor 2:,answered question best way put,Posetive
 Pycom Instructor 2:,first identify required applying job cv resume another thing feel people would applying need precise competition best resume wins even person qualified technically interview review later sha submitting resume still feel like mentioning things cover letter made purpose cover letter liberty briefly mention strengths could capture resume feel like mentioning note cases cover letters would read considered resume qualify job role,Posetive
 Pycom Instructor 2:,resume scanners use online google search free ats resume scanner,Posetive
 Uzodimma PyCom:,true ats scan optimization talk another day,Posetive
 Uzodimma PyCom:,one readily available free ats linkedin resume builder comes also keyword checks suggestions,Posetive
" Mr. P, PyCom:",media omitted,Neutral
 Okeoma GeoStat:,tech tip tuesday explore open source projects contribute enhance coding skills,Neutral
 Chukwukelu Pycom:,try www kaggle com,Neutral
 Chukwukelu Pycom:,also join different channels slack community,Posetive
 ~klemz:,happy new week everyone,Posetive
 Okeoma GeoStat:,may interested applying english tutor cambly earn money time spent tutoring please visit website www cambly com select become tutor tab,Posetive
 +234 806 175 4388:,hello,Neutral
 Okeoma GeoStat:,hello,Neutral
 Joe Ibe Pycom:,database hosted different server main code server main code server ip address access database server manage get api link visit show job board confuse miracle juju get important endpoints protected bearer token omo becoming good coding shit need work international company,Posetive
 Joe Ibe Pycom:,media omitted,Neutral
 Uzodimma PyCom:,media omitted,Neutral
 ~klemz:,happy new month tech enthusiasts embark new month may passion technology continue drive us toward innovation collaboration endless possibilities let inspire create learn together days ahead making month one filled breakthroughs achievements cheers month coding building exploring endless frontiers technology newmonth innovation,Posetive
 ~klemz:,media omitted,Neutral
 +234 806 175 4388:,message deleted,Neutral
 ~klemz:,backend developer interns needed yetti technologies yetti technologies looking backend interns join team apply https dixcoverhub co backend developer interns needed yetti technologies,Posetive
 Okeoma GeoStat:,good evening tech enthusiasts ready challenge put knowledge test first tech challenge promised wait see made challenge covering everything coding critical thinking get thinking caps prepare challenged ready challenge,Posetive
 Joe Ibe Pycom:,thanks remote,Posetive
 ~klemz:,dunno oo find link,Neutral
 Joe Ibe Pycom:,say,Neutral
 ~klemz:,apply first find eventually,Neutral
 Okeoma GeoStat:,challenge alright go good day everyone hope great time month challenge focused cleaning data yes cleaning messy data provide guidelines things expected dataset data energy indicators good luck putting order time get started challenge import data ide get started working solutions encounter issues questions along way please hesitate ask group help let get started fun president pycom anambra community manager pycom anambra amaobi okeoma,Posetive
 Okeoma GeoStat:,media omitted,Neutral
 Okeoma GeoStat:,media omitted,Neutral
 Okeoma GeoStat:,please informed challenge last week th rd september moving next phase challenge forget post challenges encounter along way group message edited,Posetive
 Okeoma GeoStat:,goodmorning everyone hope everyone wonderful night let start day question looking forward community challenge share answers comments,Posetive
 ~klemz:,happy new week people,Posetive
 Donatus Pycom:,https kibo school typeform com trykibo source chidiebere aririahu type kibo alumni want become programmer programmer free programming course kibo school technology programming university offers word recognized bsc certificate computer science alone hosting free weeks programming course python programming web development use link register courses want improve skill https kibo school typeform com trykibo source chidiebere aririahu type kibo alumni case need help registering question dm open,Posetive
 Joe Ibe Pycom:,ive struggling code since yesterday night got chatgpt producing result felt something wrong api working knowing chatgpt gave bad code rewrote code minutes ago gave intended result api works chatgpt replace programmers anytime soon joseph ibezim,Negative
 Uzodimma PyCom:,using gpt bro said chatgpt intended increase productivity replace programmers,Posetive
 Joe Ibe Pycom:,saying noticeable difference chatgpt latest,Neutral
" Mr. P, PyCom:",absolutely,Neutral
" Mr. P, PyCom:",believe big difference btw licensed version,Neutral
 Okeoma GeoStat:,enlighten please,Posetive
 Joe Ibe Pycom:,woaw actually thought would nothing significant usd monthly worth,Posetive
" Mr. P, PyCom:",mind read online much online difference,Neutral
" Mr. P, PyCom:",indeed afford,Neutral
 Uzodimma PyCom:,saying telling,Neutral
 Joe Ibe Pycom:,means subscribe try thinking nothing add google bard able,Neutral
 Joe Ibe Pycom:,try,Neutral
" Mr. P, PyCom:",google bit behind chatgpt moment,Neutral
 Uzodimma PyCom:,tight schedule enough spend use projects use get pointers hints trying look code gives resembles understand try ask give another solution rephrase prompt truth understand response certain degree likely fit want use,Posetive
 Miriam Okereke:,hello everyone,Neutral
 Miriam Okereke:,,Neutral
 Miriam Okereke:,please need little help us,Posetive
 Miriam Okereke:,kindly take minutes fill survey,Posetive
 Miriam Okereke:,hi everyone hope day going well please like us take minutes fill survey using research work project responses participation work crucial would greatly appreciated thank https forms gle ms ph grynzx,Posetive
 ~klemz:,done please help take much time,Posetive
 Miriam Okereke:,thank much,Posetive
 Okeoma GeoStat:,reminder friendly reminder community challenge coming end tomorrow want thank everyone participated challenge happy announce rewarding participants made best documentation challenge github reward token appreciation help encourage efforts also looking forward seeing got next stage challenge,Posetive
 ~klemz:,appreciate dynamic community manager leadership team opportunity working hard keep community active appreciate seen much reaction challenge hope really participating like know going anthony arinze nacc,Posetive
 Uzodimma PyCom:,ended longer accepting response,Posetive
 Miriam Okereke:,yes closed gotten overwhelming amount respondents thank much time duly appreciated,Posetive
 ~klemz:,media omitted,Neutral
 Okeoma GeoStat:,hello everyone today final day take part first phase challenge successfully completed challenge please submit published github challenge repository link review however understand everyone familiar github completed challenge unable publish github please send us challenge detailed comments want ensure everyone given opportunity participate challenge regardless technical skills reward participants provided clear comprehensive documentation thank hard work hope enjoyed challenge,Posetive
 ~klemz:,cwwtech africa digital tech soft skills program young africans cohort cwwtech opened portal cohort digital tech soft skills program learn following full scholarship digital marketing content writing ui ux design python data analysis web development html css javascript product management graphics design apply https dixcoverhub co cwwtech africa digital tech soft skills program young africans cohort please share friends,Posetive
 Steve Major Pycom:,free boss,Posetive
 ~klemz:,think sir,Neutral
 Anthony A. I Pycom:,okay,Posetive
 Okeoma GeoStat:,welcome enchanting month october leaves dance hues gold air carries hint magic may month bring abundant blessings joy countless memorable moments happy new month,Posetive
 ~klemz:,happy independence day fellow nigerians labour heros shall vain never give struggle true independence obstacles around victory always possible refuse quit shall well us god bless nigeria,Posetive
 Somto Pycom:,media omitted,Neutral
 ~klemz: *Call for Applications:,months paid tech internship kinplus kinplus accepting applications following internship roles data analytics intern graphic design intern product design intern product mgmt intern fullstack dev intern social media mgmt intern cinematography videography intern hardware eng intern hr intern apply https dixcoverhub co call applications months paid tech internship kinplus,Posetive
 ~klemz:,http bit ly,Posetive
 ~klemz:,good evening good people happy new week,Posetive
 Joe Ibe Pycom:,happy new week bosa,Posetive
 ~klemz:,mpa,Neutral
 ~klemz:,urgent help needed please installed tensorflow anaconda environment anytime try use fails importing error message failed load native tensorflow runtime please need help proceed,Posetive
 Uzodimma PyCom:,install tf,Neutral
 ~klemz:,morning,Neutral
 Uzodimma PyCom:,last try importing,Neutral
 ~klemz:,morning,Neutral
 Uzodimma PyCom:,restart kernel installing tf,Neutral
 ~klemz:,vs code,Neutral
 Uzodimma PyCom:,restart vscode,Neutral
 ~klemz:,nope,Neutral
 Uzodimma PyCom:,rule number computer misbehaving restart,Negative
 Uzodimma PyCom:,oya restart let see,Neutral
 ~klemz:,,Neutral
 ~klemz:,laidis,Neutral
 ~klemz:,still dey show error,Negative
 Uzodimma PyCom:,call gmeets let see,Neutral
 ~klemz:,year number dey gmeet oo,Posetive
 Uzodimma PyCom:,start send link,Neutral
 Joe Ibe Pycom:,please uses fastapi backend please running mad help,Posetive
 Okeoma GeoStat:,nitda opens portal million technical talent program mtt nitda kicked long awaited million technical talent program mtt program designed train mentor find job placements million youths years available skills phase include software development ui ux design data analysis visualisation quality assurance product management data science animation artificial intelligence machine learning cybersecurity game development cloud computing dev ops training online offline training centers every state register https dixcoverhub com nitda million technical talent program please share loved ones,Posetive
 Okeoma GeoStat:,jungle looking remote brand ambassador apply https dixcoverhub co jungle looking remote brand ambassador,Neutral
 Okeoma GeoStat:,federal ministry communications opens application nitda ai research grant nigerians interested ai apply nitda research grant nigerians need know grant https dixcoverhub com nitda ai research grant,Posetive
 ~klemz:,good morning everyone,Posetive
 Peace Ij Pycom:,morning,Neutral
 ~klemz:,dey,Neutral
 ~klemz:,boss find help,Posetive
 Peace Ij Pycom:,yes oo fine,Posetive
 Okeoma GeoStat:,good morning,Posetive
 Pycom Instructor 2:,remember shared something use help,Posetive
 Kenechuku PyCom:,media omitted,Neutral
 Kenechuku PyCom:,techconanambra without anambra environs make sure get tickets gone get tickets https syticks com convention techcon anambra tickets,Posetive
 Joe Ibe Pycom:,sure scroll nobody replied,Posetive
 Joe Ibe Pycom:,yes later figured trembling frustration believe considering rewriting api django spit django spit sounds,Negative
 Okeoma GeoStat:,spirit programers making sure figure solution problem encounter,Posetive
 Pycom Instructor 2:,,Neutral
 Pycom Instructor 2:,,Neutral
 Joe Ibe Pycom:,oh remember hosting fastapi heroku used first api needed power leverage power nginx reverse proxy cpu workers,Neutral
 Joe Ibe Pycom:,oh heroku still free plan,Posetive
 Joe Ibe Pycom:,media omitted,Neutral
 Okeoma GeoStat:,paid cyber security internship random software fully remote random software looking interns join team remotely paid internship program apply https dixcoverhub com paid cyber security internship random software fully remote,Posetive
 Pycom Instructor 2:,oh see,Neutral
 Pycom Instructor 2:,think best mention need help first person help advise without ask need help,Posetive
 Joe Ibe Pycom:,yea duly noted,Neutral
 Okeoma GeoStat:,microsoft hiring junior customer success manager nigeria microsoft hiring junior customer success manager nigeria job hybrid work home apply https dixcoverhub com microsoft hiring junior customer success manager nigeria,Posetive
 ~klemz: _*Apply Now:,december women code fellowship applications open women code fellowship programme theme every female dev deserves working laptop benefits laptop three month internship internet allowance month mentorship soft skills development deadline th november read https dixcoverhub com december women code fellowship,Posetive
 ~klemz:,hello guys,Neutral
 Okeoma GeoStat:,good morning,Posetive
 ~klemz:,datacamp free access week nov nov take advantage https www datacamp com freeweek,Posetive
 +234 708 291 5030:,media omitted,Neutral
 +234 708 291 5030:,buy unlock mifi router use sim fast location restricted https wa message qpcapjkni,Negative
 Chijioke Larryson:,https twitter com hacksultan status mooyim qxctd evpwiq,Neutral
 ~klemz:,https com dsn ai network status nquh tvxgu flwg,Neutral
 Bethel__ict:,null,Neutral
 Somto Pycom:,scam,Negative
 Bethel__ict:,null,Neutral
 Bethel__ict:,null,Neutral
 +234 812 549 3107:,hello friends hope well conducting survey startup better understand struggles prospective students face trying find right colleges universities united states would really appreciate could take two minutes time share experience us thank https forms office com bq df nive,Posetive
 Okeoma GeoStat:,good morning applied mtt training program message edited,Posetive
 Steve Major Pycom:,,Neutral
 Onyinyechi Nmecha LM Tech:,backend developer frontend developer data analyst product manager awka interested tutoring opportunity hub awka feel free send direct message,Posetive
 ~klemz:,welcome december month let celebrate joy warmth holiday season hope days filled love laughter may month bring peace happiness best life offers,Posetive
 Maggie ❤️:,happy new month everyone,Posetive
 Chukwukelu Pycom:,https github com jonkel data cleaning challenge,Posetive
 Chukwukelu Pycom:,kindly visit python data cleaning challenge make comments thanks,Posetive
 ~klemz:,good morning everyone,Posetive
 ~klemz:,happy new week,Posetive
 Pycom Instructor 2:,,Neutral
 ~klemz:,good evening guys,Posetive
 ~klemz:,please node js developer awka contact urgent job,Posetive
 Okeoma GeoStat:,hello everyone hope great day opportunity alert rise lookout passionate young individuals eager make positive impact world know talented motivated year olds could benefit amazing opportunity kindly share message parents could life changing experience winners stand gain access fully funded residential summit need based higher education scholarships covering tuition living expenses opportunities secure funding innovative ideas access global network winners career development programs starter technology packages including laptops tablets begin application https www risefortheworld org apply rise utm source ingressive good utm medium general seize chance make difference message edited,Posetive
 ~klemz:,merry christmas friends may day filled everything makes time year special beautiful decorations twinkling lights delicious food time spent loved ones may christmas merry bright may seasons magic last year long wishing truly wonderful christmas day god bless,Posetive
 Okeoma GeoStat:,merry christmas,Posetive
 +234 704 630 0204:,bonanza bonabonanza join homland group today dm free registration,Posetive
 EMEKA ONWUEPE PyCom:,video editor,Neutral
 +234 704 630 0204:,https www facebook com share pnm czbn uosafza mibextid qi omg,Posetive
 +234 704 630 0204:,media omitted,Neutral
 +234 816 469 6476:,amen,Neutral
 Okeoma GeoStat:,media omitted,Neutral
 ~klemz:,happy new year everyone step brand new year hope filled hope joy excitement come may year full new adventures personal growth lots love laughter cheers making best year yet god bless,Posetive
 ~klemz:,media omitted,Neutral
 ~klemz:,good morning everyone,Posetive
 Okeoma GeoStat:,good morning boss,Posetive
 ~klemz:,https twitter com leoklems status uvhy zncxygooz tx qkjw like join challenge start year follow link,Posetive
 ~klemz:,good evening everyone happy new week,Posetive
 Tochukwu Data Science:,wish best chief,Posetive
 ~klemz:,appreciation good evening everone hope message finds well sorry coming due time want use opportunity appreciate worked us ensure successful community especially mention remain grateful contributions able organize two webinars one python training series go planned thankfully executed programs degree success also taught us lessons help us planning execution programs year year met excos agreed consolidate gains last year collaborating participating actively activity python nigeria whenever program organizing community webinars listening advices improve community collaboration communities implementing programs benefit community generally want plead support participate activities year better community note python community anambra tech community hence kinds tech engagements enhance growth members welcomed job opportunities announcements projects reviews challenges questions etc please hesitate use platform god willing support active participation community continue grow make difference lives members society thanks remain blessed god bless python community pycom anambra obumneme clement lead pycom anambra,Posetive
 ~klemz:,deleted message,Neutral
 ~klemz:,media omitted,Neutral
 ~klemz:,happening tomorrow pm well register join,Posetive
 ~klemz:,time guys,Neutral
 ~klemz:,thank putting together wonderful piece really educating,Posetive
 Chinwe_pycon:,,Neutral
 Okeoma GeoStat:,good morning everyone last day january hope making progress new year resolutions,Posetive
 Okeoma GeoStat:,announcement hello everyone please like know things persons community help us improve community engagement spare us minutes time fill survey form correctly https forms gle nxlzgexytke ldhm everyone community expected fill form thanks corporation president pycom anambra amaobi okeoma pycom anambra community manager,Posetive
 ~klemz:,,Neutral
 ~klemz:,hello techies welcome new month fresh start step new chapter let make commitment keeping minds open learning new things sharing knowledge others technology constantly evolving let make month growth innovation collaboration together achieve great things wishing happy new month full possibility god bless,Posetive
 ~klemz:,appreciate responded plead every person help us filling form,Posetive
 Uzodimma PyCom:,reason personal information made compulsory,Neutral
 ~klemz:,yes boss might using reach,Posetive
 Uzodimma PyCom:,adverts sending third part yeah,Posetive
 ~klemz:,internal use,Neutral
 Uzodimma PyCom:,done,Neutral
 Okeoma GeoStat:,thank,Posetive
 Tobechukwu Pycom:,done,Neutral
 ~klemz:,announcement hello everyone please like know things persons community help us improve community engagement spare us minutes time fill survey form correctly https forms gle nxlzgexytke ldhm everyone community expected fill form thanks corporation president pycom anambra amaobi okeoma pycom anambra community manager,Posetive
 Okeoma GeoStat:,comprehensive guide mastering python date time module mastering datetime module python useful implementing manipulating date time timestamp building applications read link https alemsbaja hashnode dev comprehensive guide mastering pythons date time module,Posetive
 ~klemz:,good evening everyone enjoy weekend us responded asap thanks happy weekend,Posetive
 ~klemz:,good morning happy new week us please far response survey poor persons group persons responded good appreciate responded plead every person help us filling form,Posetive
 Doritz Uchechukwu:,done mine,Neutral
 Adaeze PyCom:,hv submitted mine,Neutral
 Emma_nysc_karaye:,done mine,Neutral
 Ogochukwu PyCom:,submitted,Neutral
 ~klemz:,thank others please follow suit survey mostly understanding serve us best appreciate,Posetive
 +234 812 549 3107:,already,Neutral
 EMEKA ONWUEPE PyCom:,done,Neutral
 Chukwukelu Pycom:,media omitted,Neutral
 ~klemz:,announcement hello everyone please like know things persons community help us improve community engagement spare us minutes time fill survey form correctly https forms gle nxlzgexytke ldhm everyone community expected fill form thanks corporation president pycom anambra amaobi okeoma pycom anambra community manager,Posetive
 ~klemz:,persons far done persons please help us everyone,Posetive
 Donatus Pycom:,please stop tagging done,Posetive
 ~klemz:,tagging everyone sir abeg vex,Neutral
 Donatus Pycom:,alright,Posetive
 +234 906 142 6446:,ok,Posetive
 +234 906 142 6446:,done,Neutral
 +234 906 142 6446:,sick since,Negative
 ~klemz:,sorry boss hope good,Posetive
 Peace Ij Pycom:,getting better small small,Posetive
 ~klemz:,alright nwa,Posetive
" Mr. P, PyCom:",believe completed,Neutral
 +234 903 323 7427:,attend later active whatsapp line opening guess network greetings,Posetive
 ~klemz:,want welcome joined us recently please well participate survey everyone else,Posetive
 +234 806 543 9803:,glad,Posetive
 +234 706 248 9882:,hello everyone happy,Posetive
 +234 706 509 0552:,good evening everyone,Posetive
 Maggie ❤️:,good evening,Posetive
 +234 806 543 9803:,good evening dear,Posetive
 Esther Onyinye #LMTech:,hello everyone glad,Posetive
 Okeoma GeoStat:,want warmly welcome new members group,Posetive
 Okeoma GeoStat:,delighted please feel free ask questions share ideas connect others share interests glad part community,Posetive
 Rita #LMTech:,good evening everyone good,Posetive
 +234 706 797 5675:,thank,Posetive
 +234 806 385 7395:,good day house,Posetive
 Okeoma GeoStat:,hola,Neutral
 +234 806 385 7395:,cool,Posetive
 Okeoma GeoStat:,nice,Posetive
 Okeoma GeoStat:,new comers welcome una,Posetive
 +234 803 809 9840:,fine,Posetive
 Lilydimma Pycom:,welcome everyone,Posetive
 +234 818 135 2692:,thank,Posetive
 Ezinne #PyCom:,good thank,Posetive
 ~klemz:,announcement hello everyone hope enjoying weekend please like know things persons community help us improve community engagement spare us minutes time fill survey form correctly https forms gle nxlzgexytke ldhm everyone community expected fill form thanks corporation president pycom anambra amaobi okeoma pycom anambra community manager,Posetive
 ~klemz:,attended please respond appreciate responded put response good use thanks,Posetive
 Salome PyCom:,please could resend link,Posetive
 ~klemz:,https forms gle nxlzgexytke ldhm,Neutral
 ~klemz:,happy sunday everyone,Posetive
 +234 904 157 9470:,happy sunday sir,Posetive
 Okeoma GeoStat:,happy sunday,Posetive
 Joe Ibe Pycom:,happy sunday boss,Posetive
 Okeoma GeoStat:,good morning hope wonderful night rest watching eagles defeat,Posetive
 ~klemz:,good day everyone hope great time,Posetive
 ~klemz:,announcement hello everyone hope enjoying weekend please like know things persons community help us improve community engagement spare us minutes time fill survey form correctly https forms gle nxlzgexytke ldhm everyone community expected fill form thanks corporation president pycom anambra amaobi okeoma pycom anambra community manager,Posetive
 ~klemz:,us still responded add context form basically gives us idea carry along plans really like know expect us deliver help one another thanks,Posetive
 Chinedu Ezenwegbu:,filled form oga daily tagging,Neutral
 ~klemz:,sorry boss na everybody tag hard filter,Negative
 Chinedu Ezenwegbu:,tech group need oh close make money,Neutral
 ~klemz:,thanks everyone responded far,Posetive
 ~klemz:,good morning everyone,Posetive
 ~klemz:,media omitted,Neutral
 ~klemz:,good morning everyone enjoy new week,Posetive
 ~klemz:,announcement want begin appreciating everyone contribution far moving community forward especially responded survey even though persons responded make progress still hope others needful excos reviewed responses based come following ideas improve community leave current data community currently build whatsapp community around python community anambra better manage community create atleast four sub groups three handle teams including data science data analysis web development one sub group beginners newbie python world responded survey added sub groups get personalized attention content good everyone persons prefer skill development trainings project challenge webinars well attended sub groups engagements happen subgroup level achieve targets need support corporation everyone hence use personal information provided survey contact anyone please give us due attention good number persons really like physical session regard know useful partnership help us achieve physical meetup training well notify us important partnership key meeting targets sequel communicated information relevant implementation want behalf leadership team appreciate everything contribution commitment support continue seek support moving remember relevant information regarding program community graciously welcomed god bless python community anambra obumneme clement president python community anambra,Posetive
Anyone in this group is now a community member,members join group others within community,Posetive
 Uzodimma PyCom:,hello bosses anyone know get southeast asia llm data sets project,Neutral
 Okeoma GeoStat:,tried kaggle,Neutral
 Uzodimma PyCom:,looking see one open publicly available shaa know like say get big eye sha,Posetive
 ~klemz:,https com amosuibk status iqzgljipf geyynh ocw paid django developer intern needed remotely,Neutral
 ~klemz:,mtt enroll another phase program selected phase program could second phase slated february th https dixcoverhub com mtt enroll another phase program,Neutral
 ~klemz:,see free training oo part even physical training especially beginners apply message edited,Posetive
 Esther Onyinye #LMTech:,https com chidokwei status pnjqv ziumzz da,Neutral
 +234 813 097 2248:,https com paulumezinwa status fxp bn psjq lysj goqg,Neutral
 +234 706 797 5675:,hello everyone please kindly like comment share thanks also please point errors https twitter com aduzob status remfr cxmxoiebzxl ecba,Posetive
 ~klemz:,flip calendar brand new month let gear another exciting journey filled innovation collaboration tech wonders embrace possibilities let ideas soar new heights happy new month please well linkup us twitter https twitter com pythonanambra status nsndekpgxb hvxlhtl nkg,Posetive
 ~klemz:,announcement good evening everyone hope well like use opportunity appreciate services positions vice president media manager respectively unfortunately reasons continue serve positions served us enjoyed fruit service programs organized last year python community anambra remains ever grateful look work together sometime future moving equally like present okeoma ugochukwu joseph eneji hence serve us media manager program manager respectively plead community support corporation work towards improving community continue appreciate everything continued service community may god continue bless us long live python community anambra obumneme clement president python community anambra,Posetive
 Okeoma GeoStat:,please help engage tweet post https com okey amy status,Posetive
 ~klemz:,https twitter com encouragesci status vkzoy yo qha smll cdg,Neutral
 ~klemz:,writer undergraduate win grant,Posetive
 Rita #LMTech:,please kindly like comment repost thank https com chidubemokeke status,Posetive
 Rita #LMTech:,please likes comments reposts needed thank https www linkedin com posts rita chiadikaobi chidubem okeke hertechhubx mtt iwd activity za utm source share utm medium member android,Posetive
 Rita #LMTech:,good evening everyone,Posetive
 Okeoma GeoStat:,evening,Neutral
 ~klemz:,update good morning everyone hope well successfully created teams engagements started sequel want know everyone general group everyone post please post made made sub groups also dropping random links drop link ensure properly describe persons guided considering programs subgroup level including monthly talent showcase rewards winners monthly knowledge showcase beginners rewards winners team challenges information provided due course information help make success really appreciated reach webinar month theme selling tech saturday rd march pm venue google meet come join team subgroup must fill survey form https forms gle nxlzgexytke ldhm request join note join one team continue appreciate everyone patience support contribution community great thank lovely week obumneme clement president python community anambra message edited,Posetive
 Amobi PyCom:,message deleted,Neutral
 Amobi PyCom:,https com pythonnigeria status pydantic widely used data validation library python,Neutral
 Amobi PyCom:,https com pythonnigeria status python nigeria organizing person meetup discuss pydantic pydantic widely used data validation library python click link register place meetup free,Posetive
 Amobi PyCom:,https com pythonnigeria status days go person meet happening live lagos click link post book slot,Neutral
 Amobi PyCom:,https com pythonnigeria status dmevp mh svz nrbiv bw big win us vencohq joined forces us upcoming meet happening lagos,Posetive
 ~klemz:,event actually person meetup members residing lagos clear calendar promises great,Posetive
 Okeoma GeoStat:,koinx frontend intern hiring koinx cutting edge financial technology company specializing providing platform calculating taxes cryptocurrency investors innovative solutions designed simplify complex world cryptocurrency taxation helping investors businesses navigate rapidly evolving landscape apply https koinx notion site koinx frontend intern assignment bf daf,Posetive
 Kenechuku PyCom:,figma file opning,Neutral
 Okeoma GeoStat:,media omitted,Neutral
 Kenechuku PyCom:,yes chief,Posetive
 Kenechuku PyCom:,want move file,Posetive
 Okeoma GeoStat:,try switching desktop view viewing mobile phone,Neutral
 +234 813 097 2248:,message deleted,Neutral
 ~klemz:,good day everyone,Posetive
 ~klemz:,please requesting join teams full survey form https forms gle nxlzgexytke ldhm,Posetive
 ~klemz:,new appointment congratulations adaobi daniel nweke serve us media manager really appreciate kindness accepting position hope passion contribute growth community yields good fruit want plead give corporation support need course service welcome team thank everyone obumneme clement president python community anambra message edited,Posetive
 Uzodimma PyCom:,form live refusing connect end,Negative
 Okeoma GeoStat:,work rectify thanks,Posetive
 ~klemz:,boss already responded twice,Neutral
 Uzodimma PyCom:,ah oh new form,Neutral
 ~klemz:,yes old one,Posetive
 Uzodimma PyCom:,okay sir thank,Posetive
 Okeoma GeoStat:,openai said intends dismiss claims made elon musk recent lawsuit suggested billionaire entrepreneur involved company co founding really much impact development success read openai dismissal musk claims https tcrn ch tpyzbc,Posetive
 Okeoma GeoStat:,media omitted,Neutral
 ~klemz:,media omitted,Neutral
 ~klemz:,ladies house seeking internship check https twitter com leoklems status rpnt tdg icubbk bmmg,Neutral
 ~klemz:,good morning everyone happy weekend,Posetive
 ~klemz:,media omitted,Neutral
 +234 906 354 0919:,,Neutral
 +234 906 354 0919:,return error,Negative
 Okeoma GeoStat:,,Neutral
 ~klemz:,oya explain,Neutral
 Okeoma GeoStat:,sorry error since understanding return,Negative
 Uzodimma PyCom:,part learning actually getting hands dirty anyone tried running code least interview learning opportunity,Negative
 Okeoma GeoStat:,system die say system still dey cheat questions,Negative
 ~klemz:,boss try download python phone,Neutral
 Uzodimma PyCom:,okay baba actually use online python environment search python online ide option choose variety come use phone computer use lazy enough start anaconda,Negative
 Maggie ❤️:,option answer,Neutral
 ~klemz:,oya explain,Neutral
 Maggie ❤️:,ran code hv explanation,Neutral
 ~klemz:,,Neutral
 Uzodimma PyCom:,media omitted,Neutral
 +234 906 354 0919:,,Neutral
 +234 703 495 5260:,,Neutral
 +234 906 354 0919:,,Neutral
 +234 803 809 9840:,,Neutral
 Uzodimma PyCom:,correct option,Neutral
 +234 706 509 0552:,nice question,Posetive
 ~klemz:,media omitted,Neutral
 ~klemz:,exxon mobil paid graduate internship program exxon mobil opened portal graduate internship program data analyst requirements bsc data science statistics computer science engineering related field minimum second class upper excellent communication skills written verbal willingness learn adapt new technologies apply https dixcoverhub com data analyst graduate internship exxon mobil,Posetive
 Amobi PyCom:,media omitted,Neutral
 ~klemz:,alright answer operator used tuple repeats whatever tuple given number times example get output case empty tuple content tuple repeated still returns empty tuple thanks,Posetive
 +234 803 809 9840:,,Neutral
 ~klemz:,good morning everyone happy new week,Posetive
 ~klemz:,media omitted,Neutral
 ~klemz:,hello,Neutral
 +234 703 525 6652:,boss abeg explain code,Neutral
 Chijioke__ WebDesign:,null,Neutral
 ~klemz:,please stop posting fraudulent links,Negative
 Chijioke__ WebDesign:,null,Neutral
 ~klemz:,explain kwa,Neutral
 ~klemz:,good morning everyone,Posetive
 +234 703 525 6652:,greetings boss,Posetive
 ~klemz:,question write code get answer,Neutral
 ~klemz:,media omitted,Neutral
 ~klemz:,datacamp scholarship get access datacamp courses resources free months datacamp best place learn anything data online data science data analytics data engineering ingressive good scholarship get access datacamp free months benefits upto licenses available get datacamp certificate upon completion online interactive learning self paced must completed within months eligibility african deadline th march apply https dixcoverhub com datacamp scholarship,Posetive
 Maggie ❤️:,media omitted,Neutral
 ~klemz:,welcome new members form please endeavor read pinned post order updated developments filled form https forms gle nxlzgexytke ldhm added sub groups requested join teams fill form first notify dm,Posetive
 ~klemz:,media omitted,Neutral
 Donatus Pycom:,print,Neutral
 ~klemz:,nice oya teach us,Posetive
 Jacinta Data science:,,Neutral
 ~klemz:,tell us,Neutral
 Jacinta Data science:,get back church,Neutral
 Esther Maduka LMTech3:,coach good morning happy sunday answer explanation set price sets self price val get price returned self price making,Posetive
 ~klemz:,media omitted,Neutral
 ~klemz:,still dey church,Neutral
 ~klemz:,data analyst intern location lagos apply https jobs exxonmobil com exxonmobil job lagos graduate intern data analyst la utm source linkedin utm medium referrer,Neutral
 Maggie ❤️:,media omitted,Neutral
 Jacinta Data science:,sir,Neutral
 ~klemz:,say way,Neutral
 Eneji✍️⚡⚡:,media omitted,Neutral
 Eneji✍️⚡⚡:,please share flyer social media platforms invite friend already tech interested tech helping person program completely free value packed,Posetive
 ~klemz:,media omitted,Neutral
 Eneji✍️⚡⚡:,media omitted,Neutral
 Maggie ❤️:,media omitted,Neutral
 Maggie ❤️:,group invite link google meet link shared,Posetive
 Maggie ❤️:,https chat whatsapp com ewv gexrijatmbg fns,Neutral
 Maggie ❤️:,share invite others join group,Posetive
 Maggie ❤️:,media omitted,Neutral
 Eneji✍️⚡⚡:,media omitted,Neutral
 Eneji✍️⚡⚡:,https chat whatsapp com ewv gexrijatmbg fns,Neutral
 Maggie ❤️:,https meet google com bzx qxgk whf,Neutral
 Maggie ❤️:,link webinar selling tech pm prompt,Neutral
 ~klemz:,welcome python community anambra welcomes new members community community lovers users python programming language learn grow together feel free interact freely everyone showing respect doings ask questions make contributions shear ideas etc appreciate,Posetive
 ~klemz:,questions related career tech bring webinar today speaker point right direction start get tech job chose area etc pm https meet google com bzx qxgk whf,Neutral
 Eneji✍️⚡⚡:,questions related career tech bring webinar today speaker point right direction start get tech job chose area etc pm https meet google com bzx qxgk whf,Neutral
 Eneji✍️⚡⚡:,joining link,Neutral
 Eneji✍️⚡⚡:,join,Posetive
 ~klemz:,say tell come learn stop hiding shun pride,Negative
 Ifechukwu Okoye #PYCOM:,join ladies gentlemen,Posetive
 +234 706 509 0552:,thanks webinar really learnt lot,Posetive
 +234 706 797 5675:,thanks webinar eye opener really need go back drawing board,Posetive
 Eneji✍️⚡⚡:,heard lot things never heard know thanks,Negative
 Maggie ❤️:,yes loved,Posetive
 Maggie ❤️:,special thanks god bless,Posetive
 Maggie ❤️:,everyone present thank god bless,Posetive
 ~klemz:,appreciation want thank everyone made webinar today success specially want mention speaker mrs onyinyechi nmecha took time educate us things need know navigating tech space persons neglect hence tech industry becomes tough thanks opening eyes also appreciate team put together wonderful seminar especially wonderful job equally appreciate attendance recognized us nice seeing attend even know thank god bless us long live python community anambra obumneme clement,Posetive
 ~klemz:,announcement hope message finds well want use opportunity notify general house python community anambra officially identified python nigeria though long overdue done appreciate formed kept community running today efforts sacrifices god bless sequel want introduce mrs ifechukwu okoye experienced fellow leading community two community leads python community anambra want thank continued support plead get tired nothing without let continue make inputs together result success thanks remain blessed obumneme clement lead python community anambra message edited,Posetive
 ~klemz:,new comers welcomed community please fill survey form https forms gle nxlzgexytke ldhm tell us little add sub groups engagements taking place note fill form added groups thanks,Posetive
 Ifechukwu Okoye #PYCOM:,thank bods,Posetive
 Ifechukwu Okoye #PYCOM:,boss,Neutral
 ~klemz:,media omitted,Neutral
 Ifechukwu Okoye #PYCOM:,thank boss,Posetive
 Maggie ❤️:,happy easter everyone,Posetive
 +234 703 495 5260:,happy easter us,Posetive
 +234 708 985 3184:,hallelujah somebody,Posetive
 +234 902 009 3951:,happy easter everyone,Posetive
 Eneji✍️⚡⚡:,thank sir,Posetive
 ~klemz:,happy new month us welcome month april,Posetive
 +234 813 097 2248:,thanks wish best new month message edited,Posetive
 Rita #LMTech:,happy new month,Posetive
 +234 706 797 5675:,happy new month sir,Posetive
 ~klemz:,deleted message,Neutral
 ~klemz:,good evening everyone hope good friendly reminder everyone especially new persons community join either data analysis data science web development teams fill survey form https forms gle nxlzgexytke ldhm notify dm request join fill survey form apply join approved thanks,Posetive
 Somto Pycom:,media omitted,Neutral
 ~klemz:,good evening everyone lovely weekend,Posetive
 ~klemz:,media omitted,Neutral
 Somto Pycom:,media omitted,Neutral
 Okeoma GeoStat:,scikit learn numpy pandas matplotlib,Neutral
 ~klemz:,numpy pandas seaborne plotly matplotlib scipy pingouin statsmodels beautiful soup nltk textblob scikit learn pytorch even reach much learn,Posetive
 ~klemz:,good morning everyone,Posetive
 ~klemz:,,Neutral
 EMEKA ONWUEPE PyCom:,data visualization try altair pygal never hear statistical analysis na statsmodel use none time series nlp database operations beautiful soup selenium web scraping machine learning used pytorch jax numpy pandas data manipulation,Posetive
 EMEKA ONWUEPE PyCom:,,Neutral
 Ogochukwu PyCom:,used numpy pandas stat models scipy scikit learn,Neutral
 ~klemz:,ladies house see know road follow,Neutral
 Charles I Pycom:,numpy pandas,Neutral
 Uzodimma PyCom:,numpy pandas sklearn tf xgboost pytorch nltk beautiful soup statsmodels scipy plotly seaborn matplotlib bokeh message edited,Posetive
 Miriam Okereke:,matplolib seaborn plotly scikitlearn pandas numpy beautiful soup,Posetive
 Miriam Okereke:,hi everyone,Neutral
 ~klemz:,mpa grow like message edited,Posetive
 ~klemz:,another powerful lady house,Posetive
 Miriam Okereke:,mad,Negative
 +234 816 027 0484:,good morning sir,Posetive
 ~klemz:,wettin dey dey like show say make expose small,Posetive
 Uzodimma PyCom:,dey wyn yasef ser,Neutral
 ~klemz:,see oga oo,Neutral
 Eneji✍️⚡⚡:,mehn see libraries well used numpy pandas matplotlib nltk beautiful soup,Posetive
 EMEKA ONWUEPE PyCom:,ogam,Neutral
 ~klemz:,confirm chief dey like show,Posetive
 ~klemz:,media omitted,Neutral
 Okeoma GeoStat:,heifer international hiring communication intern https jobs jobvite com heifer job ssfwb jvsd linkedin jvst job board utm source myjobmag,Neutral
 +234 806 117 2523:,good morning,Posetive
 ~klemz:,good morning dear,Posetive
 Rita #LMTech:,hi good evening,Posetive
 Rita #LMTech:,media omitted,Neutral
 Rita #LMTech:,media omitted,Neutral
 Rita #LMTech:,someone help please,Posetive
 ~klemz:,really see error perhaps interface expecting something,Negative
 ~klemz:,help solve see missing cost points end even use points anything remember year still like,Posetive
 Rita #LMTech:,right thank much,Posetive
 Uzodimma PyCom:,plt xticks correct,Neutral
 Rita #LMTech:,observation believe,Neutral
 Rita #LMTech:,media omitted,Neutral
 Rita #LMTech:,thanks,Posetive
 ~klemz:,exactly ride enjoying python,Posetive
 ~klemz:,good evening everyone,Posetive
 ~klemz:,warm welcome joined us recently feeling free interact everyone respectfully welcome questions answers posts engagements relating python programing language welcomed,Posetive
 ~klemz:,reminder see us requested join different teams good new members inform accepted team fill little survey form https forms gle nxlzgexytke ldhm provide us information get opinion improve community please ensure fill form notify important identifying request approved persons filled form contacted identify hence approved please approved soon identify thanks remain blessed,Posetive
 ~klemz:,take code documentation serious spent two hours yesterday debugging find ignored one line code forgot useful first wrote code wan craze,Negative
 ~klemz:,good morning everyone,Posetive
 ~klemz:,media omitted,Neutral
 ~klemz:,deleted message,Neutral
 Rita #LMTech:,poll,Neutral
 ~klemz:,hello everyone still open,Neutral
 ~klemz:,good morning everyone hope enjoying weekend,Posetive
 ~klemz:,got lot request users asking help refining resume thought share valuable tips post everyone benefit key points note refining resume format design keep resume clean professional use modern easy read font utilize clear headings bullet points structured look contact information include name phone number professional email address linkedin profile applicable top resume summary objective write concise summary objective statement highlights career goals bring table professional experience list work experience reverse chronological order recent first use action verbs describe accomplishments focus quantifiable achievements skills highlight relevant technical soft skills tailor section specific job applying education include educational background listing recent degree first mention honors relevant coursework certifications training relevant certifications training list projects portfolio showcase significant projects portfolio work relevant position keywords customize resume job application incorporating keywords job posting help resume pass applicant tracking systems ats proofread carefully proofread resume grammar spelling errors consider someone else review well tailor resume customize resume job application emphasize skills experiences relevant position quantify achievements whenever possible use specific numbers percentages quantify achievements adds credibility claims use action words start bullet points strong action verbs like managed achieved led etc keep concise aim resume length one page less experienced candidates two pages experienced professionals update regularly continuously update resume reflect latest experiences accomplishments seek feedback hesitate seek feedback mentors career advisors professional colleagues improve resume remember resume marketing tool effectively communicate qualifications value potential employers tailoring job application staying date current resume trends crucial success hope helps,Posetive
 +234 703 495 5260:,thank sir,Posetive
 Clare Chukwu Pycom:,message deleted,Neutral
 +234 816 700 0077:,need ux ui designer dm available work worked different industries like fintech edutech commerce crypto,Posetive
 ~klemz:,media omitted,Neutral
 Rita #LMTech:,amen happy new month sir,Posetive
 ~klemz:,microsoft internship program monthly requirements passion technology customer obsession excellent verbal written communication analytical presentation skills strong balance business technical skills english language proficiency basic intermediate requirements specific requirements internship apply https dixcoverhub com microsoft internship program monthly,Posetive
 ~klemz:,https com amosuibk status tb ho osltsmilxmv ogw virtual internships help perfect skills check,Posetive
 ~klemz:,happy new week pythonisters may week bring code compiles first try bug free deployments innovative solutions complex problems collaborative coding sessions friends sense accomplishment fuels passion tech keep pushing boundaries learning growing shaping future technology amazing week ahead,Posetive
 +234 806 117 2523:,thanks everybody,Posetive
 Sandra LM Tech:,amen thanks sir,Posetive
